{
  "mAP50_95": 0.7500621160890527,
  "mAP50": 0.955506368097728,
  "mAP75": 0.876207722193147,
  "mAP_small": 0.6832034064155329,
  "mAP_medium": 0.7377096947386729,
  "mAP_large": 0.8397758028925303,
  "AR@1": 0.25668276088152886,
  "AR@10": 0.7957244154289255,
  "AR@100": 0.7963995266582964,
  "AR_small": 0.7276606198034768,
  "AR_medium": 0.7845865467194304,
  "AR_large": 0.8793194362645386
}