{
  "selected_image_id": 12,
  "selected_file_name": "Fig117_SAU_JPG.rf.7f29d52d559d954a31e9b8c5a2205064.jpg",
  "metrics": {
    "mAP50_95": 0.7500621160890527,
    "mAP50": 0.955506368097728,
    "mAP75": 0.876207722193147,
    "mAP_small": 0.6832034064155329,
    "mAP_medium": 0.7377096947386729,
    "mAP_large": 0.8397758028925303,
    "AR@1": 0.25668276088152886,
    "AR@10": 0.7957244154289255,
    "AR@100": 0.7963995266582964,
    "AR_small": 0.7276606198034768,
    "AR_medium": 0.7845865467194304,
    "AR_large": 0.8793194362645386
  },
  "mean_iou": 0.8887816366573044,
  "image_stats": {
    "file_name": "Fig117_SAU_JPG.rf.7f29d52d559d954a31e9b8c5a2205064.jpg",
    "gt_count": 28,
    "pred_count": 31,
    "match_count": 28,
    "class_correct": 28,
    "mean_iou": 0.9173779040575027,
    "matches": [
      [
        0,
        1,
        0.9576494097709656
      ],
      [
        1,
        0,
        0.9555986523628235
      ],
      [
        2,
        18,
        0.9420872330665588
      ],
      [
        3,
        5,
        0.9781943559646606
      ],
      [
        4,
        14,
        0.937041163444519
      ],
      [
        5,
        15,
        0.9359434247016907
      ],
      [
        6,
        4,
        0.9433948397636414
      ],
      [
        7,
        17,
        0.9148557186126709
      ],
      [
        8,
        3,
        0.936894953250885
      ],
      [
        9,
        2,
        0.9627000689506531
      ],
      [
        10,
        16,
        0.9519582986831665
      ],
      [
        11,
        19,
        0.942134439945221
      ],
      [
        12,
        20,
        0.9599449038505554
      ],
      [
        13,
        21,
        0.9447044730186462
      ],
      [
        14,
        8,
        0.9073441624641418
      ],
      [
        15,
        22,
        0.9563659429550171
      ],
      [
        16,
        6,
        0.9082368612289429
      ],
      [
        17,
        23,
        0.9388062357902527
      ],
      [
        18,
        25,
        0.8680621385574341
      ],
      [
        19,
        11,
        0.9683331847190857
      ],
      [
        20,
        13,
        0.87120121717453
      ],
      [
        21,
        7,
        0.931081235408783
      ],
      [
        22,
        9,
        0.8746967315673828
      ],
      [
        23,
        10,
        0.8706017136573792
      ],
      [
        24,
        12,
        0.8173736929893494
      ],
      [
        25,
        27,
        0.8940001726150513
      ],
      [
        26,
        26,
        0.6983510851860046
      ],
      [
        29,
        24,
        0.9190250039100647
      ]
    ],
    "unmatched_preds": [
      27,
      28,
      30
    ],
    "unmatched_gts": []
  },
  "prediction_count_total": 3309,
  "category_names": {
    "0": "1st Molar",
    "1": "1st Premolar",
    "2": "2nd Molar",
    "3": "2nd Premolar",
    "4": "Canine",
    "5": "Central Incisor",
    "6": "Lateral Incisor"
  }
}